"path","size","sha256"
".gitignore","220","0a2be2f777dddb62f1413d5d4e023814f5bb0a87f38109632a7edb5e7cd226f6"
"CONTRIBUTING.md","564","93f79cc27c77f62d2bfede32164843b9dca1c5316b9192f0832f5466ee0d2b8c"
"fh6_radio_clean_v02.spec","587","cbf4630b4d73d8569bab339764c0f1d692a1bedfca744b53c0d23206498f47e5"
"LICENSE","1080","d520d04d82241243fa4b6a219c9df52dfdce5eb341377077c946b77bac8ce9be"
"PROVENANCE.md","2315","1a071245ca1d1d88baf962965799c9eb40562a3b3d21f9a96f8226164c540da5"
"pyproject.toml","472","a7a1f7a82efc169cc327dec6736566728da52c6dfa1b2c13ba5aa8fcc1060068"
"README.md","2833","71de5da38562f56b60acfefa5d12d38416f7d6f1f7ce9395a622e483257a22d3"
"THIRD_PARTY_NOTICES.txt","738","e0c396e667ef347cd6c44abc3e6370b681dea204af4848876627988cff72ae5e"
"uv.lock","25291","ce70efa9fbfda445c87d06bff0eb2429ac65a5363b9a1039079fab3711b6bc93"
"docs/architecture.md","600","4ca3ea01a6b65d33fb60b05cac013b63553424a5ae3d4c0bc223a37d11189a50"
"docs/README.md","390","df70ffcdd9f64be5357ff0ecaaa599caa0d1d6a640cde3a1cf19835bd9b09b65"
"docs/telemetry.md","553","e47968ad024fcf3bff46d80c25dfefc21ad1518c91c1c18953fbb7f0ceecac6e"
"fh6_radio_clean_v02/__init__.py","2572","98258abef1e70c749925232e45437f5373b0bff6bb3a6b3727444a22fae14b7e"
"fh6_radio_clean_v02/__main__.py","373","0d00689184fb2014da50f82b416c2a04447a67a1c0057d54b6d12cf699c3ab14"
"fh6_radio_clean_v02/audio.py","1972","93376f143900336473f3b67ed17bb889fc040b7b53d3341b317bfb40c633d5fd"
"fh6_radio_clean_v02/core.py","7116","003b8b66e847a3a00926608b1d97a1caeb5c0ea9b3d44cf20d372409bbb3606f"
"fh6_radio_clean_v02/input.py","12488","5d38d067ae591abf6a6f705a1d9f80890448b90f13830589f7caecb470dcbe7f"
"fh6_radio_clean_v02/material_ui.py","3405","a4a025ab08794611cadb41c1bc704a6a5241f3e12312e9eaa9c79e33a74e86dd"
"fh6_radio_clean_v02/media.py","1018","6a537f31bef16b47bde738ee3c06b7b5a8ae3f01c08b0d35b74ff5339d802339"
"fh6_radio_clean_v02/overlay_bridge.py","1754","bd6dd24eef104230c699bd4c0cb199e2aec0500fb11db1f8c649b61e6c7a04f1"
"fh6_radio_clean_v02/overlay_config.py","1808","f6b8a06d32d20d29e92d0383092c5616ec32dbe88e7747b2857251b9af0783a6"
"fh6_radio_clean_v02/overlay.py","4713","d9a6cef7da5f522b2810155d1ddde33ec851239d3fe77cdfc75e537d3d7f046e"
"fh6_radio_clean_v02/parser.py","1661","da44bef7ed958925357b0462fa44f1ed7ca4d929805365f3c60e143f8df2fd4b"
"fh6_radio_clean_v02/runtime.py","3564","6cfdc61772298fc29759befe11ff9c8dd73df8a90f465453054b8f9f4c668841"
"fh6_radio_clean_v02/settings.py","3837","4fe403f0e6b858759d9421db12ad2805ec5049972ed2a6e02fa1ba3ba71a84e8"
"fh6_radio_clean_v02/udp.py","2405","e2dc9e340f8391428053030690f7e97f23cf700ee79abe49c00d7722e29fd04e"
"fh6_radio_clean_v02/volume.py","1626","731dedafe11acb0405ba382b9bfd5090ee0133bce4b425069f449d1b3d8feab5"
"fh6_radio_clean_v02/windows_audio.py","1125","7403904b910b7f110bbb9a9b7406e7c1221245c31c91f771c88d91734c73c73e"
"fh6_radio_clean_v02.egg-info/dependency_links.txt","1","01ba4719c80b6fe911b091a7c05124b64eeece964e09c058ef8f9805daca546b"
"fh6_radio_clean_v02.egg-info/PKG-INFO","510","570d5d2adeb7572c4ebb1efec438d3d5ee302a2968e800021510e21f75b85c17"
"fh6_radio_clean_v02.egg-info/requires.txt","112","3ef488eefd6e8eeaaa7fe86a079257ff2c611b3d50c243129e97c233e4b160e0"
"fh6_radio_clean_v02.egg-info/SOURCES.txt","1089","2a157ef5fea29cb7d014352ca98885c32cf7742849ce787169e0aed0a3250a39"
"fh6_radio_clean_v02.egg-info/top_level.txt","20","d7c45285ed3d4aed32bbcbacedba086f4503758650dfa41be187b59b5817d8a7"
"tests/test_audio.py","1636","4fe248d60093f6583d8cebfb05c0603f8886d9d9d62622c8be538e8315a52824"
"tests/test_effects.py","1368","ff7a3989556964b29dbef79801fdae8be162e72289b7cbde36c678e344a05f18"
"tests/test_input.py","3632","53114714c0aea5762a925859f7b3c182709fdee08e288bcbe656adf33382023e"
"tests/test_material_ui.py","613","c39fa2f0621ea5638c6c82804fea3fe2ed836bf195219305c5cd614759458a83"
"tests/test_media.py","467","96225e92c156020c8e95c7137155d1e1c6466eb79f0e38191dd1b42b877e3f91"
"tests/test_overlay_bridge.py","563","09f2425c8b16a3d213f4bd1885ab280ff3c932efa0359efcb41703c35cd917dd"
"tests/test_overlay_config.py","1011","082388ce9813c19a3355754fd3c53e8c2b5ad22f55e2a8c39728cc4876901dae"
"tests/test_overlay.py","2011","7792dfe9e17a0fc2f61ddc7c470570f8976c67768b3216fa9cfd45c3818d7372"
"tests/test_parser.py","1542","c361d5d48563afab2d329869d6117f32475526dd78e9e4b7dfae2f547ec5d328"
"tests/test_runtime.py","1890","b83c1fb0c8c54a3743a3115a4b8cd7e50266ff721ec4b303aec2f27774f89859"
"tests/test_settings_volume.py","2165","6d6de60472471b68c4351406d3b640c0f96c1e566ef3317719eb61454d9a272a"
"tests/test_state_machine.py","5574","67f5cb17af3112e2e4ed38495ad9a84130fe3aac505b2a0f33134a64a5eae73c"
"tests/test_udp.py","947","9b4098d05073be98890419e09db8de7d36e5e78049fbf68d6bb710953a100963"
"tests/test_windows_audio.py","259","ce5707716ac7ce4f15b5bdb9e1db8a883637ebee9ce9230a6be820d43a849cba"
